"code","libelle","total","time","partition_0"
"1258","""Les menus sont susceptibles d'être modifiés pour des raisons de problèmes d'approvisionnement""","1245","""2026-01-28 00:18:26.0""","croustillant-transformation_29Jan2026_1769646185944"
"1258","""Les menus sont susceptibles d'être modifiés pour des raisons de problèmes d'approvisionnement""","1245","""2026-01-27 17:03:23.0""","croustillant-transformation_29Jan2026_1769646185944"
"1258","""Les menus sont susceptibles d'être modifiés pour des raisons de problèmes d'approvisionnement""","1250","""2026-01-28 10:16:09.0""","croustillant-transformation_29Jan2026_1769646185944"
"1258","""Les menus sont susceptibles d'être modifiés pour des raisons de problèmes d'approvisionnement""","1245","""2026-01-28 08:17:20.0""","croustillant-transformation_29Jan2026_1769646185944"
"1258","""Les menus sont susceptibles d'être modifiés pour des raisons de problèmes d'approvisionnement""","1250","""2026-01-29 00:18:26.0""","croustillant-transformation_29Jan2026_1769646185944"
"1258","""Les menus sont susceptibles d'être modifiés pour des raisons de problèmes d'approvisionnement""","1245","""2026-01-27 15:43:32.0""","croustillant-transformation_29Jan2026_1769646185944"
"1258","""Les menus sont susceptibles d'être modifiés pour des raisons de problèmes d'approvisionnement""","1250","""2026-01-28 14:15:02.0""","croustillant-transformation_29Jan2026_1769646185944"
"1368","""Escalope de dinde viennoise""","677","""2026-01-28 00:18:26.0""","croustillant-transformation_29Jan2026_1769646185944"
"1368","""Escalope de dinde viennoise""","677","""2026-01-27 17:03:23.0""","croustillant-transformation_29Jan2026_1769646185944"
"1368","""Escalope de dinde viennoise""","676","""2026-01-28 10:16:09.0""","croustillant-transformation_29Jan2026_1769646185944"
"1368","""Escalope de dinde viennoise""","677","""2026-01-28 08:17:20.0""","croustillant-transformation_29Jan2026_1769646185944"
"1368","""Escalope de dinde viennoise""","676","""2026-01-29 00:18:26.0""","croustillant-transformation_29Jan2026_1769646185944"
"1368","""Escalope de dinde viennoise""","677","""2026-01-27 15:43:32.0""","croustillant-transformation_29Jan2026_1769646185944"
"1368","""Escalope de dinde viennoise""","676","""2026-01-28 14:15:02.0""","croustillant-transformation_29Jan2026_1769646185944"
"1378","""1 point = assiette blanche""","1131","""2026-01-28 00:18:26.0""","croustillant-transformation_29Jan2026_1769646185944"
"1378","""1 point = assiette blanche""","1131","""2026-01-27 17:03:23.0""","croustillant-transformation_29Jan2026_1769646185944"
"1378","""1 point = assiette blanche""","1131","""2026-01-28 10:16:09.0""","croustillant-transformation_29Jan2026_1769646185944"
"1378","""1 point = assiette blanche""","1131","""2026-01-28 08:17:20.0""","croustillant-transformation_29Jan2026_1769646185944"
"1378","""1 point = assiette blanche""","1131","""2026-01-29 00:18:26.0""","croustillant-transformation_29Jan2026_1769646185944"
"1378","""1 point = assiette blanche""","1131","""2026-01-27 15:43:32.0""","croustillant-transformation_29Jan2026_1769646185944"
"1378","""1 point = assiette blanche""","1131","""2026-01-28 14:15:02.0""","croustillant-transformation_29Jan2026_1769646185944"
"1379","""2 points = assiette rouge""","1131","""2026-01-28 00:18:26.0""","croustillant-transformation_29Jan2026_1769646185944"
"1379","""2 points = assiette rouge""","1131","""2026-01-27 17:03:23.0""","croustillant-transformation_29Jan2026_1769646185944"
"1379","""2 points = assiette rouge""","1131","""2026-01-28 10:16:09.0""","croustillant-transformation_29Jan2026_1769646185944"
"1379","""2 points = assiette rouge""","1131","""2026-01-28 08:17:20.0""","croustillant-transformation_29Jan2026_1769646185944"
"1379","""2 points = assiette rouge""","1131","""2026-01-29 00:18:26.0""","croustillant-transformation_29Jan2026_1769646185944"
"1379","""2 points = assiette rouge""","1131","""2026-01-27 15:43:32.0""","croustillant-transformation_29Jan2026_1769646185944"
"1379","""2 points = assiette rouge""","1131","""2026-01-28 14:15:02.0""","croustillant-transformation_29Jan2026_1769646185944"
"1380","""3 points = assiette noire""","1131","""2026-01-28 00:18:26.0""","croustillant-transformation_29Jan2026_1769646185944"
"1380","""3 points = assiette noire""","1131","""2026-01-27 17:03:23.0""","croustillant-transformation_29Jan2026_1769646185944"
"1380","""3 points = assiette noire""","1131","""2026-01-28 10:16:09.0""","croustillant-transformation_29Jan2026_1769646185944"
"1380","""3 points = assiette noire""","1131","""2026-01-28 08:17:20.0""","croustillant-transformation_29Jan2026_1769646185944"
"1380","""3 points = assiette noire""","1131","""2026-01-29 00:18:26.0""","croustillant-transformation_29Jan2026_1769646185944"
"1380","""3 points = assiette noire""","1131","""2026-01-27 15:43:32.0""","croustillant-transformation_29Jan2026_1769646185944"
"1380","""3 points = assiette noire""","1131","""2026-01-28 14:15:02.0""","croustillant-transformation_29Jan2026_1769646185944"
"1485","Desserts","625","""2026-01-28 00:18:26.0""","croustillant-transformation_29Jan2026_1769646185944"
"1485","Desserts","625","""2026-01-27 17:03:23.0""","croustillant-transformation_29Jan2026_1769646185944"
"1485","Desserts","626","""2026-01-28 10:16:09.0""","croustillant-transformation_29Jan2026_1769646185944"
"1485","Desserts","625","""2026-01-28 08:17:20.0""","croustillant-transformation_29Jan2026_1769646185944"
"1485","Desserts","626","""2026-01-29 00:18:26.0""","croustillant-transformation_29Jan2026_1769646185944"
"1485","Desserts","625","""2026-01-27 15:43:32.0""","croustillant-transformation_29Jan2026_1769646185944"
"1485","Desserts","626","""2026-01-28 14:15:02.0""","croustillant-transformation_29Jan2026_1769646185944"
"1630","OU","1213","""2026-01-28 00:18:26.0""","croustillant-transformation_29Jan2026_1769646185944"
"1630","OU","1213","""2026-01-27 17:03:23.0""","croustillant-transformation_29Jan2026_1769646185944"
"1630","OU","1214","""2026-01-28 10:16:09.0""","croustillant-transformation_29Jan2026_1769646185944"
"1630","OU","1214","""2026-01-28 08:17:20.0""","croustillant-transformation_29Jan2026_1769646185944"
"1630","OU","1214","""2026-01-29 00:18:26.0""","croustillant-transformation_29Jan2026_1769646185944"
"1630","OU","1213","""2026-01-27 15:43:32.0""","croustillant-transformation_29Jan2026_1769646185944"
"1630","OU","1214","""2026-01-28 14:15:02.0""","croustillant-transformation_29Jan2026_1769646185944"
"1052","Snacking","802","""2026-01-27 15:43:32.0""","croustillant-transformation_29Jan2026_1769646185944"
"1052","Snacking","805","""2026-01-28 14:15:02.0""","croustillant-transformation_29Jan2026_1769646185944"
"1052","Snacking","805","""2026-01-28 10:16:09.0""","croustillant-transformation_29Jan2026_1769646185944"
"1052","Snacking","805","""2026-01-28 08:17:20.0""","croustillant-transformation_29Jan2026_1769646185944"
"1052","Snacking","805","""2026-01-29 00:18:26.0""","croustillant-transformation_29Jan2026_1769646185944"
"1052","Snacking","802","""2026-01-28 00:18:26.0""","croustillant-transformation_29Jan2026_1769646185944"
"1052","Snacking","802","""2026-01-27 17:03:23.0""","croustillant-transformation_29Jan2026_1769646185944"
"1053","""Pasta box""","940","""2026-01-27 15:43:32.0""","croustillant-transformation_29Jan2026_1769646185944"
"1053","""Pasta box""","944","""2026-01-28 14:15:02.0""","croustillant-transformation_29Jan2026_1769646185944"
"1053","""Pasta box""","944","""2026-01-28 10:16:09.0""","croustillant-transformation_29Jan2026_1769646185944"
"1053","""Pasta box""","944","""2026-01-28 08:17:20.0""","croustillant-transformation_29Jan2026_1769646185944"
"1053","""Pasta box""","944","""2026-01-29 00:18:26.0""","croustillant-transformation_29Jan2026_1769646185944"
"1053","""Pasta box""","940","""2026-01-28 00:18:26.0""","croustillant-transformation_29Jan2026_1769646185944"
"1053","""Pasta box""","940","""2026-01-27 17:03:23.0""","croustillant-transformation_29Jan2026_1769646185944"
"1109","""Steak haché""","818","""2026-01-27 15:43:32.0""","croustillant-transformation_29Jan2026_1769646185944"
"1109","""Steak haché""","809","""2026-01-28 14:15:02.0""","croustillant-transformation_29Jan2026_1769646185944"
"1109","""Steak haché""","809","""2026-01-28 10:16:09.0""","croustillant-transformation_29Jan2026_1769646185944"
"1109","""Steak haché""","819","""2026-01-28 08:17:20.0""","croustillant-transformation_29Jan2026_1769646185944"
"1109","""Steak haché""","809","""2026-01-29 00:18:26.0""","croustillant-transformation_29Jan2026_1769646185944"
"1109","""Steak haché""","818","""2026-01-28 00:18:26.0""","croustillant-transformation_29Jan2026_1769646185944"
"1109","""Steak haché""","818","""2026-01-27 17:03:23.0""","croustillant-transformation_29Jan2026_1769646185944"
"1139","Compote","2844","""2026-01-27 15:43:32.0""","croustillant-transformation_29Jan2026_1769646185944"
"1139","Compote","2854","""2026-01-28 14:15:02.0""","croustillant-transformation_29Jan2026_1769646185944"
"1139","Compote","2854","""2026-01-28 10:16:09.0""","croustillant-transformation_29Jan2026_1769646185944"
"1139","Compote","2845","""2026-01-28 08:17:20.0""","croustillant-transformation_29Jan2026_1769646185944"
"1139","Compote","2854","""2026-01-29 00:18:26.0""","croustillant-transformation_29Jan2026_1769646185944"
"1139","Compote","2844","""2026-01-28 00:18:26.0""","croustillant-transformation_29Jan2026_1769646185944"
"1139","Compote","2844","""2026-01-27 17:03:23.0""","croustillant-transformation_29Jan2026_1769646185944"
"1153","Yaourts","3213","""2026-01-27 15:43:32.0""","croustillant-transformation_29Jan2026_1769646185944"
"1153","Yaourts","3219","""2026-01-28 14:15:02.0""","croustillant-transformation_29Jan2026_1769646185944"
"1153","Yaourts","3219","""2026-01-28 10:16:09.0""","croustillant-transformation_29Jan2026_1769646185944"
"1153","Yaourts","3218","""2026-01-28 08:17:20.0""","croustillant-transformation_29Jan2026_1769646185944"
"1153","Yaourts","3219","""2026-01-29 00:18:26.0""","croustillant-transformation_29Jan2026_1769646185944"
"1153","Yaourts","3213","""2026-01-28 00:18:26.0""","croustillant-transformation_29Jan2026_1769646185944"
"1153","Yaourts","3213","""2026-01-27 17:03:23.0""","croustillant-transformation_29Jan2026_1769646185944"
"1158","""Salade composée""","1419","""2026-01-27 15:43:32.0""","croustillant-transformation_29Jan2026_1769646185944"
"1158","""Salade composée""","1423","""2026-01-28 14:15:02.0""","croustillant-transformation_29Jan2026_1769646185944"
"1158","""Salade composée""","1423","""2026-01-28 10:16:09.0""","croustillant-transformation_29Jan2026_1769646185944"
"1158","""Salade composée""","1422","""2026-01-28 08:17:20.0""","croustillant-transformation_29Jan2026_1769646185944"
"1158","""Salade composée""","1423","""2026-01-29 00:18:26.0""","croustillant-transformation_29Jan2026_1769646185944"
"1158","""Salade composée""","1419","""2026-01-28 00:18:26.0""","croustillant-transformation_29Jan2026_1769646185944"
"1158","""Salade composée""","1419","""2026-01-27 17:03:23.0""","croustillant-transformation_29Jan2026_1769646185944"
"1173","""Hors d œuvres variés""","2203","""2026-01-28 08:17:20.0""","croustillant-transformation_29Jan2026_1769646185944"
"1173","""Hors d œuvres variés""","2211","""2026-01-29 00:18:26.0""","croustillant-transformation_29Jan2026_1769646185944"
"1173","""Hors d œuvres variés""","2203","""2026-01-28 00:18:26.0""","croustillant-transformation_29Jan2026_1769646185944"
"1173","""Hors d œuvres variés""","2203","""2026-01-27 17:03:23.0""","croustillant-transformation_29Jan2026_1769646185944"
"1173","""Hors d œuvres variés""","2211","""2026-01-28 10:16:09.0""","croustillant-transformation_29Jan2026_1769646185944"
"1173","""Hors d œuvres variés""","2203","""2026-01-27 15:43:32.0""","croustillant-transformation_29Jan2026_1769646185944"
"1173","""Hors d œuvres variés""","2211","""2026-01-28 14:15:02.0""","croustillant-transformation_29Jan2026_1769646185944"
"1174","""Crudités diverses 1 ou 2 pts""","1843","""2026-01-28 08:17:20.0""","croustillant-transformation_29Jan2026_1769646185944"
"1174","""Crudités diverses 1 ou 2 pts""","1850","""2026-01-29 00:18:26.0""","croustillant-transformation_29Jan2026_1769646185944"
"1174","""Crudités diverses 1 ou 2 pts""","1843","""2026-01-28 00:18:26.0""","croustillant-transformation_29Jan2026_1769646185944"
"1174","""Crudités diverses 1 ou 2 pts""","1843","""2026-01-27 17:03:23.0""","croustillant-transformation_29Jan2026_1769646185944"
"1174","""Crudités diverses 1 ou 2 pts""","1850","""2026-01-28 10:16:09.0""","croustillant-transformation_29Jan2026_1769646185944"
"1174","""Crudités diverses 1 ou 2 pts""","1843","""2026-01-27 15:43:32.0""","croustillant-transformation_29Jan2026_1769646185944"
"1174","""Crudités diverses 1 ou 2 pts""","1850","""2026-01-28 14:15:02.0""","croustillant-transformation_29Jan2026_1769646185944"
"1175","""Charcuteries diverses 2 pts""","1843","""2026-01-28 08:17:20.0""","croustillant-transformation_29Jan2026_1769646185944"
"1175","""Charcuteries diverses 2 pts""","1850","""2026-01-29 00:18:26.0""","croustillant-transformation_29Jan2026_1769646185944"
"1175","""Charcuteries diverses 2 pts""","1843","""2026-01-28 00:18:26.0""","croustillant-transformation_29Jan2026_1769646185944"
"1175","""Charcuteries diverses 2 pts""","1843","""2026-01-27 17:03:23.0""","croustillant-transformation_29Jan2026_1769646185944"
"1175","""Charcuteries diverses 2 pts""","1850","""2026-01-28 10:16:09.0""","croustillant-transformation_29Jan2026_1769646185944"
"1175","""Charcuteries diverses 2 pts""","1843","""2026-01-27 15:43:32.0""","croustillant-transformation_29Jan2026_1769646185944"
"1175","""Charcuteries diverses 2 pts""","1850","""2026-01-28 14:15:02.0""","croustillant-transformation_29Jan2026_1769646185944"
"1179","""Desserts variés - 1 pts""","1589","""2026-01-28 08:17:20.0""","croustillant-transformation_29Jan2026_1769646185944"
"1179","""Desserts variés - 1 pts""","1595","""2026-01-29 00:18:26.0""","croustillant-transformation_29Jan2026_1769646185944"
"1179","""Desserts variés - 1 pts""","1589","""2026-01-28 00:18:26.0""","croustillant-transformation_29Jan2026_1769646185944"
"1179","""Desserts variés - 1 pts""","1589","""2026-01-27 17:03:23.0""","croustillant-transformation_29Jan2026_1769646185944"
"1179","""Desserts variés - 1 pts""","1595","""2026-01-28 10:16:09.0""","croustillant-transformation_29Jan2026_1769646185944"
"1179","""Desserts variés - 1 pts""","1589","""2026-01-27 15:43:32.0""","croustillant-transformation_29Jan2026_1769646185944"
"1179","""Desserts variés - 1 pts""","1595","""2026-01-28 14:15:02.0""","croustillant-transformation_29Jan2026_1769646185944"
"1180","""Pâtisserie - 1 ou 2 pts""","1949","""2026-01-28 08:17:20.0""","croustillant-transformation_29Jan2026_1769646185944"
"1180","""Pâtisserie - 1 ou 2 pts""","1956","""2026-01-29 00:18:26.0""","croustillant-transformation_29Jan2026_1769646185944"
"1180","""Pâtisserie - 1 ou 2 pts""","1949","""2026-01-28 00:18:26.0""","croustillant-transformation_29Jan2026_1769646185944"
"1180","""Pâtisserie - 1 ou 2 pts""","1949","""2026-01-27 17:03:23.0""","croustillant-transformation_29Jan2026_1769646185944"
"1180","""Pâtisserie - 1 ou 2 pts""","1956","""2026-01-28 10:16:09.0""","croustillant-transformation_29Jan2026_1769646185944"
"1180","""Pâtisserie - 1 ou 2 pts""","1949","""2026-01-27 15:43:32.0""","croustillant-transformation_29Jan2026_1769646185944"
"1180","""Pâtisserie - 1 ou 2 pts""","1956","""2026-01-28 14:15:02.0""","croustillant-transformation_29Jan2026_1769646185944"
"1184","""Divers fromages et laitages 1 ou 2 pts""","1589","""2026-01-28 08:17:20.0""","croustillant-transformation_29Jan2026_1769646185944"
"1184","""Divers fromages et laitages 1 ou 2 pts""","1595","""2026-01-29 00:18:26.0""","croustillant-transformation_29Jan2026_1769646185944"
"1184","""Divers fromages et laitages 1 ou 2 pts""","1589","""2026-01-28 00:18:26.0""","croustillant-transformation_29Jan2026_1769646185944"
"1184","""Divers fromages et laitages 1 ou 2 pts""","1589","""2026-01-27 17:03:23.0""","croustillant-transformation_29Jan2026_1769646185944"
"1184","""Divers fromages et laitages 1 ou 2 pts""","1595","""2026-01-28 10:16:09.0""","croustillant-transformation_29Jan2026_1769646185944"
"1184","""Divers fromages et laitages 1 ou 2 pts""","1589","""2026-01-27 15:43:32.0""","croustillant-transformation_29Jan2026_1769646185944"
"1184","""Divers fromages et laitages 1 ou 2 pts""","1595","""2026-01-28 14:15:02.0""","croustillant-transformation_29Jan2026_1769646185944"
"441","""Escalope viennoise""","689","""2026-01-27 15:43:32.0""","croustillant-transformation_29Jan2026_1769646185944"
"441","""Escalope viennoise""","690","""2026-01-28 14:15:02.0""","croustillant-transformation_29Jan2026_1769646185944"
"441","""Escalope viennoise""","689","""2026-01-28 08:17:20.0""","croustillant-transformation_29Jan2026_1769646185944"
"441","""Escalope viennoise""","690","""2026-01-29 00:18:26.0""","croustillant-transformation_29Jan2026_1769646185944"
"441","""Escalope viennoise""","690","""2026-01-28 10:16:09.0""","croustillant-transformation_29Jan2026_1769646185944"
"441","""Escalope viennoise""","689","""2026-01-28 00:18:26.0""","croustillant-transformation_29Jan2026_1769646185944"
"441","""Escalope viennoise""","689","""2026-01-27 17:03:23.0""","croustillant-transformation_29Jan2026_1769646185944"
"508","""Fruits de saison""","1564","""2026-01-27 15:43:32.0""","croustillant-transformation_29Jan2026_1769646185944"
"508","""Fruits de saison""","1567","""2026-01-28 14:15:02.0""","croustillant-transformation_29Jan2026_1769646185944"
"508","""Fruits de saison""","1565","""2026-01-28 08:17:20.0""","croustillant-transformation_29Jan2026_1769646185944"
"508","""Fruits de saison""","1567","""2026-01-29 00:18:26.0""","croustillant-transformation_29Jan2026_1769646185944"
"508","""Fruits de saison""","1567","""2026-01-28 10:16:09.0""","croustillant-transformation_29Jan2026_1769646185944"
"508","""Fruits de saison""","1564","""2026-01-28 00:18:26.0""","croustillant-transformation_29Jan2026_1769646185944"
"508","""Fruits de saison""","1564","""2026-01-27 17:03:23.0""","croustillant-transformation_29Jan2026_1769646185944"
"509","""Fromage blanc""","2540","""2026-01-27 15:43:32.0""","croustillant-transformation_29Jan2026_1769646185944"
"509","""Fromage blanc""","2547","""2026-01-28 14:15:02.0""","croustillant-transformation_29Jan2026_1769646185944"
"509","""Fromage blanc""","2540","""2026-01-28 08:17:20.0""","croustillant-transformation_29Jan2026_1769646185944"
"509","""Fromage blanc""","2554","""2026-01-29 00:18:26.0""","croustillant-transformation_29Jan2026_1769646185944"
"509","""Fromage blanc""","2547","""2026-01-28 10:16:09.0""","croustillant-transformation_29Jan2026_1769646185944"
"509","""Fromage blanc""","2540","""2026-01-28 00:18:26.0""","croustillant-transformation_29Jan2026_1769646185944"
"509","""Fromage blanc""","2540","""2026-01-27 17:03:23.0""","croustillant-transformation_29Jan2026_1769646185944"
"554","""Haricots verts persillés""","686","""2026-01-27 15:43:32.0""","croustillant-transformation_29Jan2026_1769646185944"
"554","""Haricots verts persillés""","674","""2026-01-28 14:15:02.0""","croustillant-transformation_29Jan2026_1769646185944"
"554","""Haricots verts persillés""","690","""2026-01-28 08:17:20.0""","croustillant-transformation_29Jan2026_1769646185944"
"554","""Haricots verts persillés""","674","""2026-01-29 00:18:26.0""","croustillant-transformation_29Jan2026_1769646185944"
"554","""Haricots verts persillés""","674","""2026-01-28 10:16:09.0""","croustillant-transformation_29Jan2026_1769646185944"
"554","""Haricots verts persillés""","686","""2026-01-28 00:18:26.0""","croustillant-transformation_29Jan2026_1769646185944"
"554","""Haricots verts persillés""","686","""2026-01-27 17:03:23.0""","croustillant-transformation_29Jan2026_1769646185944"
"567","""Pâté de campagne""","663","""2026-01-27 15:43:32.0""","croustillant-transformation_29Jan2026_1769646185944"
"567","""Pâté de campagne""","676","""2026-01-28 14:15:02.0""","croustillant-transformation_29Jan2026_1769646185944"
"567","""Pâté de campagne""","663","""2026-01-28 08:17:20.0""","croustillant-transformation_29Jan2026_1769646185944"
"567","""Pâté de campagne""","680","""2026-01-29 00:18:26.0""","croustillant-transformation_29Jan2026_1769646185944"
"567","""Pâté de campagne""","665","""2026-01-28 10:16:09.0""","croustillant-transformation_29Jan2026_1769646185944"
"567","""Pâté de campagne""","663","""2026-01-28 00:18:26.0""","croustillant-transformation_29Jan2026_1769646185944"
"567","""Pâté de campagne""","663","""2026-01-27 17:03:23.0""","croustillant-transformation_29Jan2026_1769646185944"
"572","Brocolis","1396","""2026-01-27 15:43:32.0""","croustillant-transformation_29Jan2026_1769646185944"
"572","Brocolis","1399","""2026-01-28 14:15:02.0""","croustillant-transformation_29Jan2026_1769646185944"
"572","Brocolis","1397","""2026-01-28 08:17:20.0""","croustillant-transformation_29Jan2026_1769646185944"
"572","Brocolis","1402","""2026-01-29 00:18:26.0""","croustillant-transformation_29Jan2026_1769646185944"
"572","Brocolis","1400","""2026-01-28 10:16:09.0""","croustillant-transformation_29Jan2026_1769646185944"
"572","Brocolis","1396","""2026-01-28 00:18:26.0""","croustillant-transformation_29Jan2026_1769646185944"
"572","Brocolis","1396","""2026-01-27 17:03:23.0""","croustillant-transformation_29Jan2026_1769646185944"
"33","""Poisson pané""","1127","""2026-01-27 15:43:32.0""","croustillant-transformation_29Jan2026_1769646185944"
"33","""Poisson pané""","1119","""2026-01-28 14:15:02.0""","croustillant-transformation_29Jan2026_1769646185944"
"33","""Poisson pané""","1119","""2026-01-28 10:16:09.0""","croustillant-transformation_29Jan2026_1769646185944"
"33","""Poisson pané""","1128","""2026-01-28 08:17:20.0""","croustillant-transformation_29Jan2026_1769646185944"
"33","""Poisson pané""","1119","""2026-01-29 00:18:26.0""","croustillant-transformation_29Jan2026_1769646185944"
"33","""Poisson pané""","1127","""2026-01-28 00:18:26.0""","croustillant-transformation_29Jan2026_1769646185944"
"33","""Poisson pané""","1127","""2026-01-27 17:03:23.0""","croustillant-transformation_29Jan2026_1769646185944"
"38","Semoule","2593","""2026-01-27 15:43:32.0""","croustillant-transformation_29Jan2026_1769646185944"
"38","Semoule","2591","""2026-01-28 14:15:02.0""","croustillant-transformation_29Jan2026_1769646185944"
"38","Semoule","2590","""2026-01-28 10:16:09.0""","croustillant-transformation_29Jan2026_1769646185944"
"38","Semoule","2587","""2026-01-28 08:17:20.0""","croustillant-transformation_29Jan2026_1769646185944"
"38","Semoule","2591","""2026-01-29 00:18:26.0""","croustillant-transformation_29Jan2026_1769646185944"
"38","Semoule","2583","""2026-01-28 00:18:26.0""","croustillant-transformation_29Jan2026_1769646185944"
"38","Semoule","2593","""2026-01-27 17:03:23.0""","croustillant-transformation_29Jan2026_1769646185944"
"39","""Légumes couscous""","721","""2026-01-27 15:43:32.0""","croustillant-transformation_29Jan2026_1769646185944"
"39","""Légumes couscous""","722","""2026-01-28 14:15:02.0""","croustillant-transformation_29Jan2026_1769646185944"
"39","""Légumes couscous""","722","""2026-01-28 10:16:09.0""","croustillant-transformation_29Jan2026_1769646185944"
"39","""Légumes couscous""","721","""2026-01-28 08:17:20.0""","croustillant-transformation_29Jan2026_1769646185944"
"39","""Légumes couscous""","722","""2026-01-29 00:18:26.0""","croustillant-transformation_29Jan2026_1769646185944"
"39","""Légumes couscous""","721","""2026-01-28 00:18:26.0""","croustillant-transformation_29Jan2026_1769646185944"
"39","""Légumes couscous""","721","""2026-01-27 17:03:23.0""","croustillant-transformation_29Jan2026_1769646185944"
"43","Boulgour","1152","""2026-01-27 15:43:32.0""","croustillant-transformation_29Jan2026_1769646185944"
"43","Boulgour","1152","""2026-01-28 14:15:02.0""","croustillant-transformation_29Jan2026_1769646185944"
"43","Boulgour","1152","""2026-01-28 10:16:09.0""","croustillant-transformation_29Jan2026_1769646185944"
"43","Boulgour","1153","""2026-01-28 08:17:20.0""","croustillant-transformation_29Jan2026_1769646185944"
"43","Boulgour","1152","""2026-01-29 00:18:26.0""","croustillant-transformation_29Jan2026_1769646185944"
"43","Boulgour","1153","""2026-01-28 00:18:26.0""","croustillant-transformation_29Jan2026_1769646185944"
"43","Boulgour","1152","""2026-01-27 17:03:23.0""","croustillant-transformation_29Jan2026_1769646185944"
"48","Paninis","748","""2026-01-27 15:43:32.0""","croustillant-transformation_29Jan2026_1769646185944"
"48","Paninis","750","""2026-01-28 14:15:02.0""","croustillant-transformation_29Jan2026_1769646185944"
"48","Paninis","750","""2026-01-28 10:16:09.0""","croustillant-transformation_29Jan2026_1769646185944"
"48","Paninis","749","""2026-01-28 08:17:20.0""","croustillant-transformation_29Jan2026_1769646185944"
"48","Paninis","750","""2026-01-29 00:18:26.0""","croustillant-transformation_29Jan2026_1769646185944"
"48","Paninis","748","""2026-01-28 00:18:26.0""","croustillant-transformation_29Jan2026_1769646185944"
"48","Paninis","748","""2026-01-27 17:03:23.0""","croustillant-transformation_29Jan2026_1769646185944"
"49","Salades","1510","""2026-01-27 15:43:32.0""","croustillant-transformation_29Jan2026_1769646185944"
"49","Salades","1514","""2026-01-28 14:15:02.0""","croustillant-transformation_29Jan2026_1769646185944"
"49","Salades","1514","""2026-01-28 10:16:09.0""","croustillant-transformation_29Jan2026_1769646185944"
"49","Salades","1511","""2026-01-28 08:17:20.0""","croustillant-transformation_29Jan2026_1769646185944"
"49","Salades","1514","""2026-01-29 00:18:26.0""","croustillant-transformation_29Jan2026_1769646185944"
"49","Salades","1510","""2026-01-28 00:18:26.0""","croustillant-transformation_29Jan2026_1769646185944"
"49","Salades","1510","""2026-01-27 17:03:23.0""","croustillant-transformation_29Jan2026_1769646185944"
"2683","""Pizza margarita""","699","""2026-01-28 10:16:09.0""","croustillant-transformation_29Jan2026_1769646185944"
"2683","""Pizza margarita""","696","""2026-01-28 00:18:26.0""","croustillant-transformation_29Jan2026_1769646185944"
"2683","""Pizza margarita""","696","""2026-01-27 17:03:23.0""","croustillant-transformation_29Jan2026_1769646185944"
"2683","""Pizza margarita""","698","""2026-01-28 08:17:20.0""","croustillant-transformation_29Jan2026_1769646185944"
"2683","""Pizza margarita""","699","""2026-01-29 00:18:26.0""","croustillant-transformation_29Jan2026_1769646185944"
"2683","""Pizza margarita""","696","""2026-01-27 15:43:32.0""","croustillant-transformation_29Jan2026_1769646185944"
"2683","""Pizza margarita""","699","""2026-01-28 14:15:02.0""","croustillant-transformation_29Jan2026_1769646185944"
"3193","Crèmes","894","""2026-01-28 10:16:09.0""","croustillant-transformation_29Jan2026_1769646185944"
"3193","Crèmes","891","""2026-01-28 00:18:26.0""","croustillant-transformation_29Jan2026_1769646185944"
"3193","Crèmes","891","""2026-01-27 17:03:23.0""","croustillant-transformation_29Jan2026_1769646185944"
"3193","Crèmes","894","""2026-01-28 08:17:20.0""","croustillant-transformation_29Jan2026_1769646185944"
"3193","Crèmes","894","""2026-01-29 00:18:26.0""","croustillant-transformation_29Jan2026_1769646185944"
"3193","Crèmes","891","""2026-01-27 15:43:32.0""","croustillant-transformation_29Jan2026_1769646185944"
"3193","Crèmes","894","""2026-01-28 14:15:02.0""","croustillant-transformation_29Jan2026_1769646185944"
"3194","Entremets","745","""2026-01-28 10:16:09.0""","croustillant-transformation_29Jan2026_1769646185944"
"3194","Entremets","745","""2026-01-28 00:18:26.0""","croustillant-transformation_29Jan2026_1769646185944"
"3194","Entremets","745","""2026-01-27 17:03:23.0""","croustillant-transformation_29Jan2026_1769646185944"
"3194","Entremets","745","""2026-01-28 08:17:20.0""","croustillant-transformation_29Jan2026_1769646185944"
"3194","Entremets","745","""2026-01-29 00:18:26.0""","croustillant-transformation_29Jan2026_1769646185944"
"3194","Entremets","745","""2026-01-27 15:43:32.0""","croustillant-transformation_29Jan2026_1769646185944"
"3194","Entremets","745","""2026-01-28 14:15:02.0""","croustillant-transformation_29Jan2026_1769646185944"
"3281","""Carottes râpées""","1087","""2026-01-28 10:16:09.0""","croustillant-transformation_29Jan2026_1769646185944"
"3281","""Carottes râpées""","1084","""2026-01-28 00:18:26.0""","croustillant-transformation_29Jan2026_1769646185944"
"3281","""Carottes râpées""","1083","""2026-01-27 17:03:23.0""","croustillant-transformation_29Jan2026_1769646185944"
"3281","""Carottes râpées""","1085","""2026-01-28 08:17:20.0""","croustillant-transformation_29Jan2026_1769646185944"
"3281","""Carottes râpées""","1088","""2026-01-29 00:18:26.0""","croustillant-transformation_29Jan2026_1769646185944"
"3281","""Carottes râpées""","1083","""2026-01-27 15:43:32.0""","croustillant-transformation_29Jan2026_1769646185944"
"3281","""Carottes râpées""","1088","""2026-01-28 14:15:02.0""","croustillant-transformation_29Jan2026_1769646185944"
"3292","""Yaourt nature bio""","1516","""2026-01-28 10:16:09.0""","croustillant-transformation_29Jan2026_1769646185944"
"3292","""Yaourt nature bio""","1515","""2026-01-28 00:18:26.0""","croustillant-transformation_29Jan2026_1769646185944"
"3292","""Yaourt nature bio""","1515","""2026-01-27 17:03:23.0""","croustillant-transformation_29Jan2026_1769646185944"
"3292","""Yaourt nature bio""","1515","""2026-01-28 08:17:20.0""","croustillant-transformation_29Jan2026_1769646185944"
"3292","""Yaourt nature bio""","1516","""2026-01-29 00:18:26.0""","croustillant-transformation_29Jan2026_1769646185944"
"3292","""Yaourt nature bio""","1515","""2026-01-27 15:43:32.0""","croustillant-transformation_29Jan2026_1769646185944"
"3292","""Yaourt nature bio""","1516","""2026-01-28 14:15:02.0""","croustillant-transformation_29Jan2026_1769646185944"
"4008","""Fruits frais""","789","""2026-01-28 10:16:09.0""","croustillant-transformation_29Jan2026_1769646185944"
"4008","""Fruits frais""","786","""2026-01-28 00:18:26.0""","croustillant-transformation_29Jan2026_1769646185944"
"4008","""Fruits frais""","786","""2026-01-27 17:03:23.0""","croustillant-transformation_29Jan2026_1769646185944"
"4008","""Fruits frais""","789","""2026-01-28 08:17:20.0""","croustillant-transformation_29Jan2026_1769646185944"
"4008","""Fruits frais""","789","""2026-01-29 00:18:26.0""","croustillant-transformation_29Jan2026_1769646185944"
"4008","""Fruits frais""","786","""2026-01-27 15:43:32.0""","croustillant-transformation_29Jan2026_1769646185944"
"4008","""Fruits frais""","789","""2026-01-28 14:15:02.0""","croustillant-transformation_29Jan2026_1769646185944"
"4201","""Sandwichs & paninis divers - wrap...""","846","""2026-01-28 00:18:26.0""","croustillant-transformation_29Jan2026_1769646185944"
"4201","""Sandwichs & paninis divers - wrap...""","846","""2026-01-27 17:03:23.0""","croustillant-transformation_29Jan2026_1769646185944"
"4201","""Sandwichs & paninis divers - wrap...""","846","""2026-01-28 08:17:20.0""","croustillant-transformation_29Jan2026_1769646185944"
"4201","""Sandwichs & paninis divers - wrap...""","848","""2026-01-29 00:18:26.0""","croustillant-transformation_29Jan2026_1769646185944"
"4201","""Sandwichs & paninis divers - wrap...""","848","""2026-01-28 10:16:09.0""","croustillant-transformation_29Jan2026_1769646185944"
"4201","""Sandwichs & paninis divers - wrap...""","846","""2026-01-27 15:43:32.0""","croustillant-transformation_29Jan2026_1769646185944"
"4201","""Sandwichs & paninis divers - wrap...""","848","""2026-01-28 14:15:02.0""","croustillant-transformation_29Jan2026_1769646185944"
"4569","""Accompagnés de riz",,"869","croustillant-transformation_29Jan2026_1769646185944"
"4569","""Accompagnés de riz",,"869","croustillant-transformation_29Jan2026_1769646185944"
"4569","""Accompagnés de riz",,"869","croustillant-transformation_29Jan2026_1769646185944"
"4569","""Accompagnés de riz",,"869","croustillant-transformation_29Jan2026_1769646185944"
"4569","""Accompagnés de riz",,"869","croustillant-transformation_29Jan2026_1769646185944"
"4569","""Accompagnés de riz",,"869","croustillant-transformation_29Jan2026_1769646185944"
"4569","""Accompagnés de riz",,"869","croustillant-transformation_29Jan2026_1769646185944"
"4903","Ferme","1080","""2026-01-28 00:18:26.0""","croustillant-transformation_29Jan2026_1769646185944"
"4903","Ferme","1080","""2026-01-27 17:03:23.0""","croustillant-transformation_29Jan2026_1769646185944"
"4903","Ferme","1081","""2026-01-28 08:17:20.0""","croustillant-transformation_29Jan2026_1769646185944"
"4903","Ferme","1081","""2026-01-29 00:18:26.0""","croustillant-transformation_29Jan2026_1769646185944"
"4903","Ferme","1081","""2026-01-28 10:16:09.0""","croustillant-transformation_29Jan2026_1769646185944"
"4903","Ferme","1080","""2026-01-27 15:43:32.0""","croustillant-transformation_29Jan2026_1769646185944"
"4903","Ferme","1081","""2026-01-28 14:15:02.0""","croustillant-transformation_29Jan2026_1769646185944"
"6315","""Desserts lactés ou fruits""","767","""2026-01-28 00:18:26.0""","croustillant-transformation_29Jan2026_1769646185944"
"6315","""Desserts lactés ou fruits""","767","""2026-01-27 17:03:23.0""","croustillant-transformation_29Jan2026_1769646185944"
"6315","""Desserts lactés ou fruits""","767","""2026-01-28 08:17:20.0""","croustillant-transformation_29Jan2026_1769646185944"
"6315","""Desserts lactés ou fruits""","771","""2026-01-29 00:18:26.0""","croustillant-transformation_29Jan2026_1769646185944"
"6315","""Desserts lactés ou fruits""","771","""2026-01-28 10:16:09.0""","croustillant-transformation_29Jan2026_1769646185944"
"6315","""Desserts lactés ou fruits""","767","""2026-01-27 15:43:32.0""","croustillant-transformation_29Jan2026_1769646185944"
"6315","""Desserts lactés ou fruits""","771","""2026-01-28 14:15:02.0""","croustillant-transformation_29Jan2026_1769646185944"
"16718","""Structure fermée du lundi 23 décembre 2024 au vendredi 3 janvier 2025""","896","""2026-01-28 00:18:26.0""","croustillant-transformation_29Jan2026_1769646185944"
"16718","""Structure fermée du lundi 23 décembre 2024 au vendredi 3 janvier 2025""","896","""2026-01-27 17:03:23.0""","croustillant-transformation_29Jan2026_1769646185944"
"16718","""Structure fermée du lundi 23 décembre 2024 au vendredi 3 janvier 2025""","896","""2026-01-28 08:17:20.0""","croustillant-transformation_29Jan2026_1769646185944"
"16718","""Structure fermée du lundi 23 décembre 2024 au vendredi 3 janvier 2025""","896","""2026-01-29 00:18:26.0""","croustillant-transformation_29Jan2026_1769646185944"
"16718","""Structure fermée du lundi 23 décembre 2024 au vendredi 3 janvier 2025""","896","""2026-01-28 10:16:09.0""","croustillant-transformation_29Jan2026_1769646185944"
"16718","""Structure fermée du lundi 23 décembre 2024 au vendredi 3 janvier 2025""","896","""2026-01-27 15:43:32.0""","croustillant-transformation_29Jan2026_1769646185944"
"16718","""Structure fermée du lundi 23 décembre 2024 au vendredi 3 janvier 2025""","896","""2026-01-28 14:15:02.0""","croustillant-transformation_29Jan2026_1769646185944"
"79227","""Structure fermée du lundi 22 décembre 2025 au vendredi 2 janvier 2026""","973","""2026-01-28 00:18:26.0""","croustillant-transformation_29Jan2026_1769646185944"
"79227","""Structure fermée du lundi 22 décembre 2025 au vendredi 2 janvier 2026""","973","""2026-01-27 17:03:23.0""","croustillant-transformation_29Jan2026_1769646185944"
"79227","""Structure fermée du lundi 22 décembre 2025 au vendredi 2 janvier 2026""","973","""2026-01-28 08:17:20.0""","croustillant-transformation_29Jan2026_1769646185944"
"79227","""Structure fermée du lundi 22 décembre 2025 au vendredi 2 janvier 2026""","973","""2026-01-29 00:18:26.0""","croustillant-transformation_29Jan2026_1769646185944"
"79227","""Structure fermée du lundi 22 décembre 2025 au vendredi 2 janvier 2026""","973","""2026-01-28 10:16:09.0""","croustillant-transformation_29Jan2026_1769646185944"
"79227","""Structure fermée du lundi 22 décembre 2025 au vendredi 2 janvier 2026""","973","""2026-01-27 15:43:32.0""","croustillant-transformation_29Jan2026_1769646185944"
"79227","""Structure fermée du lundi 22 décembre 2025 au vendredi 2 janvier 2026""","973","""2026-01-28 14:15:02.0""","croustillant-transformation_29Jan2026_1769646185944"
"3","Pâtes","2065","""2026-01-28 00:18:26.0""","croustillant-transformation_29Jan2026_1769646185944"
"3","Pâtes","2065","""2026-01-27 17:03:23.0""","croustillant-transformation_29Jan2026_1769646185944"
"3","Pâtes","2069","""2026-01-28 10:16:09.0""","croustillant-transformation_29Jan2026_1769646185944"
"3","Pâtes","2066","""2026-01-28 08:17:20.0""","croustillant-transformation_29Jan2026_1769646185944"
"3","Pâtes","2069","""2026-01-29 00:18:26.0""","croustillant-transformation_29Jan2026_1769646185944"
"3","Pâtes","2065","""2026-01-27 15:43:32.0""","croustillant-transformation_29Jan2026_1769646185944"
"3","Pâtes","2069","""2026-01-28 14:15:02.0""","croustillant-transformation_29Jan2026_1769646185944"
"6","Frites","10717","""2026-01-28 00:18:26.0""","croustillant-transformation_29Jan2026_1769646185944"
"6","Frites","10714","""2026-01-27 17:03:23.0""","croustillant-transformation_29Jan2026_1769646185944"
"6","Frites","10742","""2026-01-28 10:16:09.0""","croustillant-transformation_29Jan2026_1769646185944"
"6","Frites","10728","""2026-01-28 08:17:20.0""","croustillant-transformation_29Jan2026_1769646185944"
"6","Frites","10748","""2026-01-29 00:18:26.0""","croustillant-transformation_29Jan2026_1769646185944"
"6","Frites","10714","""2026-01-27 15:43:32.0""","croustillant-transformation_29Jan2026_1769646185944"
"6","Frites","10745","""2026-01-28 14:15:02.0""","croustillant-transformation_29Jan2026_1769646185944"
"9","Purée","1340","""2026-01-28 00:18:26.0""","croustillant-transformation_29Jan2026_1769646185944"
"9","Purée","1340","""2026-01-27 17:03:23.0""","croustillant-transformation_29Jan2026_1769646185944"
"9","Purée","1345","""2026-01-28 10:16:09.0""","croustillant-transformation_29Jan2026_1769646185944"
"9","Purée","1342","""2026-01-28 08:17:20.0""","croustillant-transformation_29Jan2026_1769646185944"
"9","Purée","1345","""2026-01-29 00:18:26.0""","croustillant-transformation_29Jan2026_1769646185944"
"9","Purée","1340","""2026-01-27 15:43:32.0""","croustillant-transformation_29Jan2026_1769646185944"
"9","Purée","1345","""2026-01-28 14:15:02.0""","croustillant-transformation_29Jan2026_1769646185944"
"14","Riz","2585","""2026-01-28 00:18:26.0""","croustillant-transformation_29Jan2026_1769646185944"
"14","Riz","2581","""2026-01-27 17:03:23.0""","croustillant-transformation_29Jan2026_1769646185944"
"14","Riz","2592","""2026-01-28 10:16:09.0""","croustillant-transformation_29Jan2026_1769646185944"
"14","Riz","2587","""2026-01-28 08:17:20.0""","croustillant-transformation_29Jan2026_1769646185944"
"14","Riz","2594","""2026-01-29 00:18:26.0""","croustillant-transformation_29Jan2026_1769646185944"
"14","Riz","2581","""2026-01-27 15:43:32.0""","croustillant-transformation_29Jan2026_1769646185944"
"14","Riz","2593","""2026-01-28 14:15:02.0""","croustillant-transformation_29Jan2026_1769646185944"
"15","Ratatouille","2159","""2026-01-28 00:18:26.0""","croustillant-transformation_29Jan2026_1769646185944"
"15","Ratatouille","2158","""2026-01-27 17:03:23.0""","croustillant-transformation_29Jan2026_1769646185944"
"15","Ratatouille","2165","""2026-01-28 10:16:09.0""","croustillant-transformation_29Jan2026_1769646185944"
"15","Ratatouille","2162","""2026-01-28 08:17:20.0""","croustillant-transformation_29Jan2026_1769646185944"
"15","Ratatouille","2165","""2026-01-29 00:18:26.0""","croustillant-transformation_29Jan2026_1769646185944"
"15","Ratatouille","2158","""2026-01-27 15:43:32.0""","croustillant-transformation_29Jan2026_1769646185944"
"15","Ratatouille","2165","""2026-01-28 14:15:02.0""","croustillant-transformation_29Jan2026_1769646185944"
"22","""Saucisse de toulouse""","660","""2026-01-28 00:18:26.0""","croustillant-transformation_29Jan2026_1769646185944"
"22","""Saucisse de toulouse""","660","""2026-01-27 17:03:23.0""","croustillant-transformation_29Jan2026_1769646185944"
"22","""Saucisse de toulouse""","660","""2026-01-28 10:16:09.0""","croustillant-transformation_29Jan2026_1769646185944"
"22","""Saucisse de toulouse""","660","""2026-01-28 08:17:20.0""","croustillant-transformation_29Jan2026_1769646185944"
"22","""Saucisse de toulouse""","660","""2026-01-29 00:18:26.0""","croustillant-transformation_29Jan2026_1769646185944"
"22","""Saucisse de toulouse""","660","""2026-01-27 15:43:32.0""","croustillant-transformation_29Jan2026_1769646185944"
"22","""Saucisse de toulouse""","660","""2026-01-28 14:15:02.0""","croustillant-transformation_29Jan2026_1769646185944"
"28","""Cordon bleu""","1419","""2026-01-28 00:18:26.0""","croustillant-transformation_29Jan2026_1769646185944"
"28","""Cordon bleu""","1419","""2026-01-27 17:03:23.0""","croustillant-transformation_29Jan2026_1769646185944"
"28","""Cordon bleu""","1421","""2026-01-28 10:16:09.0""","croustillant-transformation_29Jan2026_1769646185944"
"28","""Cordon bleu""","1421","""2026-01-28 08:17:20.0""","croustillant-transformation_29Jan2026_1769646185944"
"28","""Cordon bleu""","1421","""2026-01-29 00:18:26.0""","croustillant-transformation_29Jan2026_1769646185944"
"28","""Cordon bleu""","1419","""2026-01-27 15:43:32.0""","croustillant-transformation_29Jan2026_1769646185944"
"28","""Cordon bleu""","1421","""2026-01-28 14:15:02.0""","croustillant-transformation_29Jan2026_1769646185944"
"1800","""Pizza kebab""","673","""2026-01-28 00:18:26.0""","croustillant-transformation_29Jan2026_1769646185944"
"1800","""Pizza kebab""","673","""2026-01-27 17:03:23.0""","croustillant-transformation_29Jan2026_1769646185944"
"1800","""Pizza kebab""","675","""2026-01-28 10:16:09.0""","croustillant-transformation_29Jan2026_1769646185944"
"1800","""Pizza kebab""","675","""2026-01-28 08:17:20.0""","croustillant-transformation_29Jan2026_1769646185944"
"1800","""Pizza kebab""","675","""2026-01-29 00:18:26.0""","croustillant-transformation_29Jan2026_1769646185944"
"1800","""Pizza kebab""","673","""2026-01-27 15:43:32.0""","croustillant-transformation_29Jan2026_1769646185944"
"1800","""Pizza kebab""","675","""2026-01-28 14:15:02.0""","croustillant-transformation_29Jan2026_1769646185944"
"1844","""Pizza 4 fromages""","697","""2026-01-28 00:18:26.0""","croustillant-transformation_29Jan2026_1769646185944"
"1844","""Pizza 4 fromages""","697","""2026-01-27 17:03:23.0""","croustillant-transformation_29Jan2026_1769646185944"
"1844","""Pizza 4 fromages""","699","""2026-01-28 10:16:09.0""","croustillant-transformation_29Jan2026_1769646185944"
"1844","""Pizza 4 fromages""","699","""2026-01-28 08:17:20.0""","croustillant-transformation_29Jan2026_1769646185944"
"1844","""Pizza 4 fromages""","699","""2026-01-29 00:18:26.0""","croustillant-transformation_29Jan2026_1769646185944"
"1844","""Pizza 4 fromages""","697","""2026-01-27 15:43:32.0""","croustillant-transformation_29Jan2026_1769646185944"
"1844","""Pizza 4 fromages""","699","""2026-01-28 14:15:02.0""","croustillant-transformation_29Jan2026_1769646185944"
"1991","Légumes","919","""2026-01-28 00:18:26.0""","croustillant-transformation_29Jan2026_1769646185944"
"1991","Légumes","918","""2026-01-27 17:03:23.0""","croustillant-transformation_29Jan2026_1769646185944"
"1991","Légumes","919","""2026-01-28 10:16:09.0""","croustillant-transformation_29Jan2026_1769646185944"
"1991","Légumes","919","""2026-01-28 08:17:20.0""","croustillant-transformation_29Jan2026_1769646185944"
"1991","Légumes","919","""2026-01-29 00:18:26.0""","croustillant-transformation_29Jan2026_1769646185944"
"1991","Légumes","918","""2026-01-27 15:43:32.0""","croustillant-transformation_29Jan2026_1769646185944"
"1991","Légumes","919","""2026-01-28 14:15:02.0""","croustillant-transformation_29Jan2026_1769646185944"
"2162","Viennoiserie","776","""2026-01-28 00:18:26.0""","croustillant-transformation_29Jan2026_1769646185944"
"2162","Viennoiserie","776","""2026-01-27 17:03:23.0""","croustillant-transformation_29Jan2026_1769646185944"
"2162","Viennoiserie","777","""2026-01-28 10:16:09.0""","croustillant-transformation_29Jan2026_1769646185944"
"2162","Viennoiserie","776","""2026-01-28 08:17:20.0""","croustillant-transformation_29Jan2026_1769646185944"
"2162","Viennoiserie","777","""2026-01-29 00:18:26.0""","croustillant-transformation_29Jan2026_1769646185944"
"2162","Viennoiserie","776","""2026-01-27 15:43:32.0""","croustillant-transformation_29Jan2026_1769646185944"
"2162","Viennoiserie","777","""2026-01-28 14:15:02.0""","croustillant-transformation_29Jan2026_1769646185944"
"2163","Fruit","1643","""2026-01-28 00:18:26.0""","croustillant-transformation_29Jan2026_1769646185944"
"2163","Fruit","1643","""2026-01-27 17:03:23.0""","croustillant-transformation_29Jan2026_1769646185944"
"2163","Fruit","1648","""2026-01-28 10:16:09.0""","croustillant-transformation_29Jan2026_1769646185944"
"2163","Fruit","1645","""2026-01-28 08:17:20.0""","croustillant-transformation_29Jan2026_1769646185944"
"2163","Fruit","1637","""2026-01-29 00:18:26.0""","croustillant-transformation_29Jan2026_1769646185944"
"2163","Fruit","1643","""2026-01-27 15:43:32.0""","croustillant-transformation_29Jan2026_1769646185944"
"2163","Fruit","1637","""2026-01-28 14:15:02.0""","croustillant-transformation_29Jan2026_1769646185944"
"2468","Yaourt","2026","""2026-01-28 00:18:26.0""","croustillant-transformation_29Jan2026_1769646185944"
"2468","Yaourt","2026","""2026-01-27 17:03:23.0""","croustillant-transformation_29Jan2026_1769646185944"
"2468","Yaourt","2032","""2026-01-28 10:16:09.0""","croustillant-transformation_29Jan2026_1769646185944"
"2468","Yaourt","2029","""2026-01-28 08:17:20.0""","croustillant-transformation_29Jan2026_1769646185944"
"2468","Yaourt","2032","""2026-01-29 00:18:26.0""","croustillant-transformation_29Jan2026_1769646185944"
"2468","Yaourt","2026","""2026-01-27 15:43:32.0""","croustillant-transformation_29Jan2026_1769646185944"
"2468","Yaourt","2032","""2026-01-28 14:15:02.0""","croustillant-transformation_29Jan2026_1769646185944"
"142","""Le tout à 3.30€ pour les étudiants et à 1€ pour les étudiants boursiers sur présentation de la carte izly""","682","""2026-01-27 15:43:32.0""","croustillant-transformation_29Jan2026_1769646185944"
"142","""Le tout à 3.30€ pour les étudiants et à 1€ pour les étudiants boursiers sur présentation de la carte izly""","684","""2026-01-28 14:15:02.0""","croustillant-transformation_29Jan2026_1769646185944"
"142","""Le tout à 3.30€ pour les étudiants et à 1€ pour les étudiants boursiers sur présentation de la carte izly""","682","""2026-01-28 00:18:26.0""","croustillant-transformation_29Jan2026_1769646185944"
"142","""Le tout à 3.30€ pour les étudiants et à 1€ pour les étudiants boursiers sur présentation de la carte izly""","684","""2026-01-28 10:16:09.0""","croustillant-transformation_29Jan2026_1769646185944"
"142","""Le tout à 3.30€ pour les étudiants et à 1€ pour les étudiants boursiers sur présentation de la carte izly""","682","""2026-01-28 08:17:20.0""","croustillant-transformation_29Jan2026_1769646185944"
"142","""Le tout à 3.30€ pour les étudiants et à 1€ pour les étudiants boursiers sur présentation de la carte izly""","684","""2026-01-29 00:18:26.0""","croustillant-transformation_29Jan2026_1769646185944"
"142","""Le tout à 3.30€ pour les étudiants et à 1€ pour les étudiants boursiers sur présentation de la carte izly""","682","""2026-01-27 17:03:23.0""","croustillant-transformation_29Jan2026_1769646185944"
"163","""Sandwiches simples (le jambon beurre) à 1.80€""","682","""2026-01-27 15:43:32.0""","croustillant-transformation_29Jan2026_1769646185944"
"163","""Sandwiches simples (le jambon beurre) à 1.80€""","684","""2026-01-28 14:15:02.0""","croustillant-transformation_29Jan2026_1769646185944"
"163","""Sandwiches simples (le jambon beurre) à 1.80€""","682","""2026-01-28 00:18:26.0""","croustillant-transformation_29Jan2026_1769646185944"
"163","""Sandwiches simples (le jambon beurre) à 1.80€""","684","""2026-01-28 10:16:09.0""","croustillant-transformation_29Jan2026_1769646185944"
"163","""Sandwiches simples (le jambon beurre) à 1.80€""","682","""2026-01-28 08:17:20.0""","croustillant-transformation_29Jan2026_1769646185944"
"163","""Sandwiches simples (le jambon beurre) à 1.80€""","684","""2026-01-29 00:18:26.0""","croustillant-transformation_29Jan2026_1769646185944"
"163","""Sandwiches simples (le jambon beurre) à 1.80€""","682","""2026-01-27 17:03:23.0""","croustillant-transformation_29Jan2026_1769646185944"
"164","""Sandwiches composés (le thon/mayonnaise",," l'houmous/légumes","croustillant-transformation_29Jan2026_1769646185944"
"164","""Sandwiches composés (le thon/mayonnaise",," l'houmous/légumes","croustillant-transformation_29Jan2026_1769646185944"
"164","""Sandwiches composés (le thon/mayonnaise",," l'houmous/légumes","croustillant-transformation_29Jan2026_1769646185944"
"164","""Sandwiches composés (le thon/mayonnaise",," l'houmous/légumes","croustillant-transformation_29Jan2026_1769646185944"
"164","""Sandwiches composés (le thon/mayonnaise",," l'houmous/légumes","croustillant-transformation_29Jan2026_1769646185944"
"164","""Sandwiches composés (le thon/mayonnaise",," l'houmous/légumes","croustillant-transformation_29Jan2026_1769646185944"
"164","""Sandwiches composés (le thon/mayonnaise",," l'houmous/légumes","croustillant-transformation_29Jan2026_1769646185944"
"165","""Sandwiches pains spéciaux (au poulet tikka",,"682","croustillant-transformation_29Jan2026_1769646185944"
"165","""Sandwiches pains spéciaux (au poulet tikka",,"684","croustillant-transformation_29Jan2026_1769646185944"
"165","""Sandwiches pains spéciaux (au poulet tikka",,"682","croustillant-transformation_29Jan2026_1769646185944"
"165","""Sandwiches pains spéciaux (au poulet tikka",,"684","croustillant-transformation_29Jan2026_1769646185944"
"165","""Sandwiches pains spéciaux (au poulet tikka",,"682","croustillant-transformation_29Jan2026_1769646185944"
"165","""Sandwiches pains spéciaux (au poulet tikka",,"684","croustillant-transformation_29Jan2026_1769646185944"
"165","""Sandwiches pains spéciaux (au poulet tikka",,"682","croustillant-transformation_29Jan2026_1769646185944"
"173","""Cordon bleu de dinde""","627","""2026-01-27 15:43:32.0""","croustillant-transformation_29Jan2026_1769646185944"
"173","""Cordon bleu de dinde""","630","""2026-01-28 14:15:02.0""","croustillant-transformation_29Jan2026_1769646185944"
"173","""Cordon bleu de dinde""","627","""2026-01-28 00:18:26.0""","croustillant-transformation_29Jan2026_1769646185944"
"173","""Cordon bleu de dinde""","630","""2026-01-28 10:16:09.0""","croustillant-transformation_29Jan2026_1769646185944"
"173","""Cordon bleu de dinde""","628","""2026-01-28 08:17:20.0""","croustillant-transformation_29Jan2026_1769646185944"
"173","""Cordon bleu de dinde""","630","""2026-01-29 00:18:26.0""","croustillant-transformation_29Jan2026_1769646185944"
"173","""Cordon bleu de dinde""","627","""2026-01-27 17:03:23.0""","croustillant-transformation_29Jan2026_1769646185944"
"175","""Haricots verts""","2438","""2026-01-27 15:43:32.0""","croustillant-transformation_29Jan2026_1769646185944"
"175","""Haricots verts""","2446","""2026-01-28 14:15:02.0""","croustillant-transformation_29Jan2026_1769646185944"
"175","""Haricots verts""","2439","""2026-01-28 00:18:26.0""","croustillant-transformation_29Jan2026_1769646185944"
"175","""Haricots verts""","2446","""2026-01-28 10:16:09.0""","croustillant-transformation_29Jan2026_1769646185944"
"175","""Haricots verts""","2440","""2026-01-28 08:17:20.0""","croustillant-transformation_29Jan2026_1769646185944"
"175","""Haricots verts""","2446","""2026-01-29 00:18:26.0""","croustillant-transformation_29Jan2026_1769646185944"
"175","""Haricots verts""","2438","""2026-01-27 17:03:23.0""","croustillant-transformation_29Jan2026_1769646185944"
"177","""Salade verte""","1525","""2026-01-27 15:43:32.0""","croustillant-transformation_29Jan2026_1769646185944"
"177","""Salade verte""","1528","""2026-01-28 14:15:02.0""","croustillant-transformation_29Jan2026_1769646185944"
"177","""Salade verte""","1526","""2026-01-28 00:18:26.0""","croustillant-transformation_29Jan2026_1769646185944"
"177","""Salade verte""","1528","""2026-01-28 10:16:09.0""","croustillant-transformation_29Jan2026_1769646185944"
"177","""Salade verte""","1528","""2026-01-28 08:17:20.0""","croustillant-transformation_29Jan2026_1769646185944"
"177","""Salade verte""","1529","""2026-01-29 00:18:26.0""","croustillant-transformation_29Jan2026_1769646185944"
"177","""Salade verte""","1525","""2026-01-27 17:03:23.0""","croustillant-transformation_29Jan2026_1769646185944"
"305","""Hors d'oeuvre variés""","1248","""2026-01-28 10:16:09.0""","croustillant-transformation_29Jan2026_1769646185944"
"305","""Hors d'oeuvre variés""","1247","""2026-01-28 08:17:20.0""","croustillant-transformation_29Jan2026_1769646185944"
"305","""Hors d'oeuvre variés""","1248","""2026-01-29 00:18:26.0""","croustillant-transformation_29Jan2026_1769646185944"
"305","""Hors d'oeuvre variés""","1247","""2026-01-28 00:18:26.0""","croustillant-transformation_29Jan2026_1769646185944"
"305","""Hors d'oeuvre variés""","1247","""2026-01-27 17:03:23.0""","croustillant-transformation_29Jan2026_1769646185944"
"305","""Hors d'oeuvre variés""","1247","""2026-01-27 15:43:32.0""","croustillant-transformation_29Jan2026_1769646185944"
"305","""Hors d'oeuvre variés""","1248","""2026-01-28 14:15:02.0""","croustillant-transformation_29Jan2026_1769646185944"
"311","""Desserts variés""","1653","""2026-01-28 10:16:09.0""","croustillant-transformation_29Jan2026_1769646185944"
"311","""Desserts variés""","1651","""2026-01-28 08:17:20.0""","croustillant-transformation_29Jan2026_1769646185944"
"311","""Desserts variés""","1653","""2026-01-29 00:18:26.0""","croustillant-transformation_29Jan2026_1769646185944"
"311","""Desserts variés""","1650","""2026-01-28 00:18:26.0""","croustillant-transformation_29Jan2026_1769646185944"
"311","""Desserts variés""","1650","""2026-01-27 17:03:23.0""","croustillant-transformation_29Jan2026_1769646185944"
"311","""Desserts variés""","1650","""2026-01-27 15:43:32.0""","croustillant-transformation_29Jan2026_1769646185944"
"311","""Desserts variés""","1653","""2026-01-28 14:15:02.0""","croustillant-transformation_29Jan2026_1769646185944"
"319","""Riz créole""","831","""2026-01-28 10:16:09.0""","croustillant-transformation_29Jan2026_1769646185944"
"319","""Riz créole""","829","""2026-01-28 08:17:20.0""","croustillant-transformation_29Jan2026_1769646185944"
"319","""Riz créole""","833","""2026-01-29 00:18:26.0""","croustillant-transformation_29Jan2026_1769646185944"
"319","""Riz créole""","829","""2026-01-28 00:18:26.0""","croustillant-transformation_29Jan2026_1769646185944"
"319","""Riz créole""","829","""2026-01-27 17:03:23.0""","croustillant-transformation_29Jan2026_1769646185944"
"319","""Riz créole""","829","""2026-01-27 15:43:32.0""","croustillant-transformation_29Jan2026_1769646185944"
"319","""Riz créole""","831","""2026-01-28 14:15:02.0""","croustillant-transformation_29Jan2026_1769646185944"
"334","Merguez","809","""2026-01-28 10:16:09.0""","croustillant-transformation_29Jan2026_1769646185944"
"334","Merguez","807","""2026-01-28 08:17:20.0""","croustillant-transformation_29Jan2026_1769646185944"
"334","Merguez","808","""2026-01-29 00:18:26.0""","croustillant-transformation_29Jan2026_1769646185944"
"334","Merguez","805","""2026-01-28 00:18:26.0""","croustillant-transformation_29Jan2026_1769646185944"
"334","Merguez","805","""2026-01-27 17:03:23.0""","croustillant-transformation_29Jan2026_1769646185944"
"334","Merguez","805","""2026-01-27 15:43:32.0""","croustillant-transformation_29Jan2026_1769646185944"
"334","Merguez","809","""2026-01-28 14:15:02.0""","croustillant-transformation_29Jan2026_1769646185944"
"337","""Cuisse de poulet""","860","""2026-01-28 10:16:09.0""","croustillant-transformation_29Jan2026_1769646185944"
"337","""Cuisse de poulet""","860","""2026-01-28 08:17:20.0""","croustillant-transformation_29Jan2026_1769646185944"
"337","""Cuisse de poulet""","860","""2026-01-29 00:18:26.0""","croustillant-transformation_29Jan2026_1769646185944"
"337","""Cuisse de poulet""","859","""2026-01-28 00:18:26.0""","croustillant-transformation_29Jan2026_1769646185944"
"337","""Cuisse de poulet""","859","""2026-01-27 17:03:23.0""","croustillant-transformation_29Jan2026_1769646185944"
"337","""Cuisse de poulet""","859","""2026-01-27 15:43:32.0""","croustillant-transformation_29Jan2026_1769646185944"
"337","""Cuisse de poulet""","860","""2026-01-28 14:15:02.0""","croustillant-transformation_29Jan2026_1769646185944"
"400","""Yaourts divers""","2627","""2026-01-28 10:16:09.0""","croustillant-transformation_29Jan2026_1769646185944"
"400","""Yaourts divers""","2620","""2026-01-28 08:17:20.0""","croustillant-transformation_29Jan2026_1769646185944"
"400","""Yaourts divers""","2627","""2026-01-29 00:18:26.0""","croustillant-transformation_29Jan2026_1769646185944"
"400","""Yaourts divers""","2619","""2026-01-28 00:18:26.0""","croustillant-transformation_29Jan2026_1769646185944"
"400","""Yaourts divers""","2619","""2026-01-27 17:03:23.0""","croustillant-transformation_29Jan2026_1769646185944"
"400","""Yaourts divers""","2619","""2026-01-27 15:43:32.0""","croustillant-transformation_29Jan2026_1769646185944"
"400","""Yaourts divers""","2627","""2026-01-28 14:15:02.0""","croustillant-transformation_29Jan2026_1769646185944"
"51","Fromage","4008","""2026-01-28 10:16:09.0""","croustillant-transformation_29Jan2026_1769646185944"
"51","Fromage","3999","""2026-01-28 08:17:20.0""","croustillant-transformation_29Jan2026_1769646185944"
"51","Fromage","4008","""2026-01-29 00:18:26.0""","croustillant-transformation_29Jan2026_1769646185944"
"51","Fromage","3999","""2026-01-28 00:18:26.0""","croustillant-transformation_29Jan2026_1769646185944"
"51","Fromage","3999","""2026-01-27 17:03:23.0""","croustillant-transformation_29Jan2026_1769646185944"
"51","Fromage","3999","""2026-01-27 15:43:32.0""","croustillant-transformation_29Jan2026_1769646185944"
"51","Fromage","4008","""2026-01-28 14:15:02.0""","croustillant-transformation_29Jan2026_1769646185944"
"67","Fruits","8001","""2026-01-28 10:16:09.0""","croustillant-transformation_29Jan2026_1769646185944"
"67","Fruits","7990","""2026-01-28 08:17:20.0""","croustillant-transformation_29Jan2026_1769646185944"
"67","Fruits","8002","""2026-01-29 00:18:26.0""","croustillant-transformation_29Jan2026_1769646185944"
"67","Fruits","7986","""2026-01-28 00:18:26.0""","croustillant-transformation_29Jan2026_1769646185944"
"67","Fruits","7986","""2026-01-27 17:03:23.0""","croustillant-transformation_29Jan2026_1769646185944"
"67","Fruits","7986","""2026-01-27 15:43:32.0""","croustillant-transformation_29Jan2026_1769646185944"
"67","Fruits","8002","""2026-01-28 14:15:02.0""","croustillant-transformation_29Jan2026_1769646185944"
"68","""Desserts lactés""","1405","""2026-01-28 10:16:09.0""","croustillant-transformation_29Jan2026_1769646185944"
"68","""Desserts lactés""","1405","""2026-01-28 08:17:20.0""","croustillant-transformation_29Jan2026_1769646185944"
"68","""Desserts lactés""","1405","""2026-01-29 00:18:26.0""","croustillant-transformation_29Jan2026_1769646185944"
"68","""Desserts lactés""","1405","""2026-01-28 00:18:26.0""","croustillant-transformation_29Jan2026_1769646185944"
"68","""Desserts lactés""","1405","""2026-01-27 17:03:23.0""","croustillant-transformation_29Jan2026_1769646185944"
"68","""Desserts lactés""","1405","""2026-01-27 15:43:32.0""","croustillant-transformation_29Jan2026_1769646185944"
"68","""Desserts lactés""","1405","""2026-01-28 14:15:02.0""","croustillant-transformation_29Jan2026_1769646185944"
"89","""Riz pilaf""","2722","""2026-01-28 10:16:09.0""","croustillant-transformation_29Jan2026_1769646185944"
"89","""Riz pilaf""","2710","""2026-01-28 08:17:20.0""","croustillant-transformation_29Jan2026_1769646185944"
"89","""Riz pilaf""","2723","""2026-01-29 00:18:26.0""","croustillant-transformation_29Jan2026_1769646185944"
"89","""Riz pilaf""","2707","""2026-01-28 00:18:26.0""","croustillant-transformation_29Jan2026_1769646185944"
"89","""Riz pilaf""","2707","""2026-01-27 17:03:23.0""","croustillant-transformation_29Jan2026_1769646185944"
"89","""Riz pilaf""","2707","""2026-01-27 15:43:32.0""","croustillant-transformation_29Jan2026_1769646185944"
"89","""Riz pilaf""","2721","""2026-01-28 14:15:02.0""","croustillant-transformation_29Jan2026_1769646185944"
"104","""Entrées variées""","2972","""2026-01-28 10:16:09.0""","croustillant-transformation_29Jan2026_1769646185944"
"104","""Entrées variées""","2971","""2026-01-28 08:17:20.0""","croustillant-transformation_29Jan2026_1769646185944"
"104","""Entrées variées""","2972","""2026-01-29 00:18:26.0""","croustillant-transformation_29Jan2026_1769646185944"
"104","""Entrées variées""","2967","""2026-01-28 00:18:26.0""","croustillant-transformation_29Jan2026_1769646185944"
"104","""Entrées variées""","2967","""2026-01-27 17:03:23.0""","croustillant-transformation_29Jan2026_1769646185944"
"104","""Entrées variées""","2967","""2026-01-27 15:43:32.0""","croustillant-transformation_29Jan2026_1769646185944"
"104","""Entrées variées""","2972","""2026-01-28 14:15:02.0""","croustillant-transformation_29Jan2026_1769646185944"
"110","Carottes","916","""2026-01-28 10:16:09.0""","croustillant-transformation_29Jan2026_1769646185944"
"110","Carottes","915","""2026-01-28 08:17:20.0""","croustillant-transformation_29Jan2026_1769646185944"
"110","Carottes","916","""2026-01-29 00:18:26.0""","croustillant-transformation_29Jan2026_1769646185944"
"110","Carottes","916","""2026-01-28 00:18:26.0""","croustillant-transformation_29Jan2026_1769646185944"
"110","Carottes","915","""2026-01-27 17:03:23.0""","croustillant-transformation_29Jan2026_1769646185944"
"110","Carottes","915","""2026-01-27 15:43:32.0""","croustillant-transformation_29Jan2026_1769646185944"
"110","Carottes","916","""2026-01-28 14:15:02.0""","croustillant-transformation_29Jan2026_1769646185944"
"663","""Yaourts variés""","829","""2026-01-28 00:18:26.0""","croustillant-transformation_29Jan2026_1769646185944"
"663","""Yaourts variés""","829","""2026-01-27 17:03:23.0""","croustillant-transformation_29Jan2026_1769646185944"
"663","""Yaourts variés""","831","""2026-01-28 10:16:09.0""","croustillant-transformation_29Jan2026_1769646185944"
"663","""Yaourts variés""","829","""2026-01-28 08:17:20.0""","croustillant-transformation_29Jan2026_1769646185944"
"663","""Yaourts variés""","831","""2026-01-29 00:18:26.0""","croustillant-transformation_29Jan2026_1769646185944"
"663","""Yaourts variés""","829","""2026-01-27 15:43:32.0""","croustillant-transformation_29Jan2026_1769646185944"
"663","""Yaourts variés""","831","""2026-01-28 14:15:02.0""","croustillant-transformation_29Jan2026_1769646185944"
"664","""Desserts divers""","990","""2026-01-28 00:18:26.0""","croustillant-transformation_29Jan2026_1769646185944"
"664","""Desserts divers""","990","""2026-01-27 17:03:23.0""","croustillant-transformation_29Jan2026_1769646185944"
"664","""Desserts divers""","992","""2026-01-28 10:16:09.0""","croustillant-transformation_29Jan2026_1769646185944"
"664","""Desserts divers""","990","""2026-01-28 08:17:20.0""","croustillant-transformation_29Jan2026_1769646185944"
"664","""Desserts divers""","992","""2026-01-29 00:18:26.0""","croustillant-transformation_29Jan2026_1769646185944"
"664","""Desserts divers""","990","""2026-01-27 15:43:32.0""","croustillant-transformation_29Jan2026_1769646185944"
"664","""Desserts divers""","992","""2026-01-28 14:15:02.0""","croustillant-transformation_29Jan2026_1769646185944"
"665","""Salade de fruits""","687","""2026-01-28 00:18:26.0""","croustillant-transformation_29Jan2026_1769646185944"
"665","""Salade de fruits""","687","""2026-01-27 17:03:23.0""","croustillant-transformation_29Jan2026_1769646185944"
"665","""Salade de fruits""","688","""2026-01-28 10:16:09.0""","croustillant-transformation_29Jan2026_1769646185944"
"665","""Salade de fruits""","687","""2026-01-28 08:17:20.0""","croustillant-transformation_29Jan2026_1769646185944"
"665","""Salade de fruits""","690","""2026-01-29 00:18:26.0""","croustillant-transformation_29Jan2026_1769646185944"
"665","""Salade de fruits""","687","""2026-01-27 15:43:32.0""","croustillant-transformation_29Jan2026_1769646185944"
"665","""Salade de fruits""","688","""2026-01-28 14:15:02.0""","croustillant-transformation_29Jan2026_1769646185944"
"716","""En fonction de l'affluence",,"1816","croustillant-transformation_29Jan2026_1769646185944"
"716","""En fonction de l'affluence",,"1816","croustillant-transformation_29Jan2026_1769646185944"
"716","""En fonction de l'affluence",,"1816","croustillant-transformation_29Jan2026_1769646185944"
"716","""En fonction de l'affluence",,"1816","croustillant-transformation_29Jan2026_1769646185944"
"716","""En fonction de l'affluence",,"1816","croustillant-transformation_29Jan2026_1769646185944"
"716","""En fonction de l'affluence",,"1816","croustillant-transformation_29Jan2026_1769646185944"
"716","""En fonction de l'affluence",,"1816","croustillant-transformation_29Jan2026_1769646185944"
"809","""Au choix""","640","""2026-01-28 00:18:26.0""","croustillant-transformation_29Jan2026_1769646185944"
"809","""Au choix""","640","""2026-01-27 17:03:23.0""","croustillant-transformation_29Jan2026_1769646185944"
"809","""Au choix""","640","""2026-01-28 10:16:09.0""","croustillant-transformation_29Jan2026_1769646185944"
"809","""Au choix""","640","""2026-01-28 08:17:20.0""","croustillant-transformation_29Jan2026_1769646185944"
"809","""Au choix""","640","""2026-01-29 00:18:26.0""","croustillant-transformation_29Jan2026_1769646185944"
"809","""Au choix""","640","""2026-01-27 15:43:32.0""","croustillant-transformation_29Jan2026_1769646185944"
"809","""Au choix""","640","""2026-01-28 14:15:02.0""","croustillant-transformation_29Jan2026_1769646185944"
"871","Crudités","1968","""2026-01-28 00:18:26.0""","croustillant-transformation_29Jan2026_1769646185944"
"871","Crudités","1968","""2026-01-27 17:03:23.0""","croustillant-transformation_29Jan2026_1769646185944"
"871","Crudités","1971","""2026-01-28 10:16:09.0""","croustillant-transformation_29Jan2026_1769646185944"
"871","Crudités","1971","""2026-01-28 08:17:20.0""","croustillant-transformation_29Jan2026_1769646185944"
"871","Crudités","1972","""2026-01-29 00:18:26.0""","croustillant-transformation_29Jan2026_1769646185944"
"871","Crudités","1968","""2026-01-27 15:43:32.0""","croustillant-transformation_29Jan2026_1769646185944"
"871","Crudités","1972","""2026-01-28 14:15:02.0""","croustillant-transformation_29Jan2026_1769646185944"
"872","Charcuterie","1891","""2026-01-28 00:18:26.0""","croustillant-transformation_29Jan2026_1769646185944"
"872","Charcuterie","1891","""2026-01-27 17:03:23.0""","croustillant-transformation_29Jan2026_1769646185944"
"872","Charcuterie","1893","""2026-01-28 10:16:09.0""","croustillant-transformation_29Jan2026_1769646185944"
"872","Charcuterie","1893","""2026-01-28 08:17:20.0""","croustillant-transformation_29Jan2026_1769646185944"
"872","Charcuterie","1893","""2026-01-29 00:18:26.0""","croustillant-transformation_29Jan2026_1769646185944"
"872","Charcuterie","1891","""2026-01-27 15:43:32.0""","croustillant-transformation_29Jan2026_1769646185944"
"872","Charcuterie","1893","""2026-01-28 14:15:02.0""","croustillant-transformation_29Jan2026_1769646185944"
"873","Fromages","1156","""2026-01-28 10:16:09.0""","croustillant-transformation_29Jan2026_1769646185944"
"873","Fromages","1154","""2026-01-28 00:18:26.0""","croustillant-transformation_29Jan2026_1769646185944"
"873","Fromages","1154","""2026-01-27 17:03:23.0""","croustillant-transformation_29Jan2026_1769646185944"
"873","Fromages","1155","""2026-01-28 08:17:20.0""","croustillant-transformation_29Jan2026_1769646185944"
"873","Fromages","1156","""2026-01-29 00:18:26.0""","croustillant-transformation_29Jan2026_1769646185944"
"873","Fromages","1154","""2026-01-27 15:43:32.0""","croustillant-transformation_29Jan2026_1769646185944"
"873","Fromages","1156","""2026-01-28 14:15:02.0""","croustillant-transformation_29Jan2026_1769646185944"
"907","Frite","1118","""2026-01-28 10:16:09.0""","croustillant-transformation_29Jan2026_1769646185944"
"907","Frite","1118","""2026-01-28 00:18:26.0""","croustillant-transformation_29Jan2026_1769646185944"
"907","Frite","1117","""2026-01-27 17:03:23.0""","croustillant-transformation_29Jan2026_1769646185944"
"907","Frite","1118","""2026-01-28 08:17:20.0""","croustillant-transformation_29Jan2026_1769646185944"
"907","Frite","1118","""2026-01-29 00:18:26.0""","croustillant-transformation_29Jan2026_1769646185944"
"907","Frite","1117","""2026-01-27 15:43:32.0""","croustillant-transformation_29Jan2026_1769646185944"
"907","Frite","1118","""2026-01-28 14:15:02.0""","croustillant-transformation_29Jan2026_1769646185944"
"928","""Poêlée de légumes""","669","""2026-01-28 10:16:09.0""","croustillant-transformation_29Jan2026_1769646185944"
"928","""Poêlée de légumes""","669","""2026-01-28 00:18:26.0""","croustillant-transformation_29Jan2026_1769646185944"
"928","""Poêlée de légumes""","668","""2026-01-27 17:03:23.0""","croustillant-transformation_29Jan2026_1769646185944"
"928","""Poêlée de légumes""","669","""2026-01-28 08:17:20.0""","croustillant-transformation_29Jan2026_1769646185944"
"928","""Poêlée de légumes""","669","""2026-01-29 00:18:26.0""","croustillant-transformation_29Jan2026_1769646185944"
"928","""Poêlée de légumes""","668","""2026-01-27 15:43:32.0""","croustillant-transformation_29Jan2026_1769646185944"
"928","""Poêlée de légumes""","669","""2026-01-28 14:15:02.0""","croustillant-transformation_29Jan2026_1769646185944"
"931","""Pizza margherita""","686","""2026-01-28 10:16:09.0""","croustillant-transformation_29Jan2026_1769646185944"
"931","""Pizza margherita""","684","""2026-01-28 00:18:26.0""","croustillant-transformation_29Jan2026_1769646185944"
"931","""Pizza margherita""","684","""2026-01-27 17:03:23.0""","croustillant-transformation_29Jan2026_1769646185944"
"931","""Pizza margherita""","686","""2026-01-28 08:17:20.0""","croustillant-transformation_29Jan2026_1769646185944"
"931","""Pizza margherita""","686","""2026-01-29 00:18:26.0""","croustillant-transformation_29Jan2026_1769646185944"
"931","""Pizza margherita""","684","""2026-01-27 15:43:32.0""","croustillant-transformation_29Jan2026_1769646185944"
"931","""Pizza margherita""","686","""2026-01-28 14:15:02.0""","croustillant-transformation_29Jan2026_1769646185944"
"967","""Julienne de légumes""","949","""2026-01-28 10:16:09.0""","croustillant-transformation_29Jan2026_1769646185944"
"967","""Julienne de légumes""","943","""2026-01-28 00:18:26.0""","croustillant-transformation_29Jan2026_1769646185944"
"967","""Julienne de légumes""","943","""2026-01-27 17:03:23.0""","croustillant-transformation_29Jan2026_1769646185944"
"967","""Julienne de légumes""","943","""2026-01-28 08:17:20.0""","croustillant-transformation_29Jan2026_1769646185944"
"967","""Julienne de légumes""","950","""2026-01-29 00:18:26.0""","croustillant-transformation_29Jan2026_1769646185944"
"967","""Julienne de légumes""","943","""2026-01-27 15:43:32.0""","croustillant-transformation_29Jan2026_1769646185944"
"967","""Julienne de légumes""","950","""2026-01-28 14:15:02.0""","croustillant-transformation_29Jan2026_1769646185944"
"1017","Fermé","2705","""2026-01-28 10:16:09.0""","croustillant-transformation_29Jan2026_1769646185944"
"1017","Fermé","2703","""2026-01-28 00:18:26.0""","croustillant-transformation_29Jan2026_1769646185944"
"1017","Fermé","2699","""2026-01-27 17:03:23.0""","croustillant-transformation_29Jan2026_1769646185944"
"1017","Fermé","2704","""2026-01-28 08:17:20.0""","croustillant-transformation_29Jan2026_1769646185944"
"1017","Fermé","2705","""2026-01-29 00:18:26.0""","croustillant-transformation_29Jan2026_1769646185944"
"1017","Fermé","2699","""2026-01-27 15:43:32.0""","croustillant-transformation_29Jan2026_1769646185944"
"1017","Fermé","2705","""2026-01-28 14:15:02.0""","croustillant-transformation_29Jan2026_1769646185944"
"212","""Boissons froides""","883","""2026-01-28 00:18:26.0""","croustillant-transformation_29Jan2026_1769646185944"
"212","""Boissons froides""","883","""2026-01-27 17:03:23.0""","croustillant-transformation_29Jan2026_1769646185944"
"212","""Boissons froides""","885","""2026-01-28 08:17:20.0""","croustillant-transformation_29Jan2026_1769646185944"
"212","""Boissons froides""","886","""2026-01-29 00:18:26.0""","croustillant-transformation_29Jan2026_1769646185944"
"212","""Boissons froides""","886","""2026-01-28 10:16:09.0""","croustillant-transformation_29Jan2026_1769646185944"
"212","""Boissons froides""","883","""2026-01-27 15:43:32.0""","croustillant-transformation_29Jan2026_1769646185944"
"212","""Boissons froides""","886","""2026-01-28 14:15:02.0""","croustillant-transformation_29Jan2026_1769646185944"
"215","""Structure fermée""","837","""2026-01-28 00:18:26.0""","croustillant-transformation_29Jan2026_1769646185944"
"215","""Structure fermée""","837","""2026-01-27 17:03:23.0""","croustillant-transformation_29Jan2026_1769646185944"
"215","""Structure fermée""","837","""2026-01-28 08:17:20.0""","croustillant-transformation_29Jan2026_1769646185944"
"215","""Structure fermée""","837","""2026-01-29 00:18:26.0""","croustillant-transformation_29Jan2026_1769646185944"
"215","""Structure fermée""","837","""2026-01-28 10:16:09.0""","croustillant-transformation_29Jan2026_1769646185944"
"215","""Structure fermée""","837","""2026-01-27 15:43:32.0""","croustillant-transformation_29Jan2026_1769646185944"
"215","""Structure fermée""","837","""2026-01-28 14:15:02.0""","croustillant-transformation_29Jan2026_1769646185944"
"220","""Sous réserve de modifications""","827","""2026-01-28 00:18:26.0""","croustillant-transformation_29Jan2026_1769646185944"
"220","""Sous réserve de modifications""","827","""2026-01-27 17:03:23.0""","croustillant-transformation_29Jan2026_1769646185944"
"220","""Sous réserve de modifications""","827","""2026-01-28 08:17:20.0""","croustillant-transformation_29Jan2026_1769646185944"
"220","""Sous réserve de modifications""","827","""2026-01-29 00:18:26.0""","croustillant-transformation_29Jan2026_1769646185944"
"220","""Sous réserve de modifications""","827","""2026-01-28 10:16:09.0""","croustillant-transformation_29Jan2026_1769646185944"
"220","""Sous réserve de modifications""","827","""2026-01-27 15:43:32.0""","croustillant-transformation_29Jan2026_1769646185944"
"220","""Sous réserve de modifications""","827","""2026-01-28 14:15:02.0""","croustillant-transformation_29Jan2026_1769646185944"
"227","""Sous réserve de modification""","711","""2026-01-28 00:18:26.0""","croustillant-transformation_29Jan2026_1769646185944"
"227","""Sous réserve de modification""","711","""2026-01-27 17:03:23.0""","croustillant-transformation_29Jan2026_1769646185944"
"227","""Sous réserve de modification""","711","""2026-01-28 08:17:20.0""","croustillant-transformation_29Jan2026_1769646185944"
"227","""Sous réserve de modification""","714","""2026-01-29 00:18:26.0""","croustillant-transformation_29Jan2026_1769646185944"
"227","""Sous réserve de modification""","714","""2026-01-28 10:16:09.0""","croustillant-transformation_29Jan2026_1769646185944"
"227","""Sous réserve de modification""","711","""2026-01-27 15:43:32.0""","croustillant-transformation_29Jan2026_1769646185944"
"227","""Sous réserve de modification""","714","""2026-01-28 14:15:02.0""","croustillant-transformation_29Jan2026_1769646185944"
"246","Ou","689","""2026-01-28 00:18:26.0""","croustillant-transformation_29Jan2026_1769646185944"
"246","Ou","689","""2026-01-27 17:03:23.0""","croustillant-transformation_29Jan2026_1769646185944"
"246","Ou","689","""2026-01-28 08:17:20.0""","croustillant-transformation_29Jan2026_1769646185944"
"246","Ou","689","""2026-01-29 00:18:26.0""","croustillant-transformation_29Jan2026_1769646185944"
"246","Ou","689","""2026-01-28 10:16:09.0""","croustillant-transformation_29Jan2026_1769646185944"
"246","Ou","689","""2026-01-27 15:43:32.0""","croustillant-transformation_29Jan2026_1769646185944"
"246","Ou","689","""2026-01-28 14:15:02.0""","croustillant-transformation_29Jan2026_1769646185944"
"267","Boissons","1871","""2026-01-28 00:18:26.0""","croustillant-transformation_29Jan2026_1769646185944"
"267","Boissons","1871","""2026-01-27 17:03:23.0""","croustillant-transformation_29Jan2026_1769646185944"
"267","Boissons","1872","""2026-01-28 08:17:20.0""","croustillant-transformation_29Jan2026_1769646185944"
"267","Boissons","1877","""2026-01-29 00:18:26.0""","croustillant-transformation_29Jan2026_1769646185944"
"267","Boissons","1877","""2026-01-28 10:16:09.0""","croustillant-transformation_29Jan2026_1769646185944"
"267","Boissons","1871","""2026-01-27 15:43:32.0""","croustillant-transformation_29Jan2026_1769646185944"
"267","Boissons","1877","""2026-01-28 14:15:02.0""","croustillant-transformation_29Jan2026_1769646185944"
"117","Viennoiseries","1243","""2026-01-28 10:16:09.0""","croustillant-transformation_29Jan2026_1769646185944"
"117","Viennoiseries","1240","""2026-01-28 00:18:26.0""","croustillant-transformation_29Jan2026_1769646185944"
"117","Viennoiseries","1240","""2026-01-27 17:03:23.0""","croustillant-transformation_29Jan2026_1769646185944"
"117","Viennoiseries","1242","""2026-01-28 08:17:20.0""","croustillant-transformation_29Jan2026_1769646185944"
"117","Viennoiseries","1243","""2026-01-29 00:18:26.0""","croustillant-transformation_29Jan2026_1769646185944"
"117","Viennoiseries","1240","""2026-01-27 15:43:32.0""","croustillant-transformation_29Jan2026_1769646185944"
"117","Viennoiseries","1243","""2026-01-28 14:15:02.0""","croustillant-transformation_29Jan2026_1769646185944"
"123","""Menu non communiqué""","22312","""2026-01-28 10:16:09.0""","croustillant-transformation_29Jan2026_1769646185944"
"123","""Menu non communiqué""","22280","""2026-01-28 00:18:26.0""","croustillant-transformation_29Jan2026_1769646185944"
"123","""Menu non communiqué""","22262","""2026-01-27 17:03:23.0""","croustillant-transformation_29Jan2026_1769646185944"
"123","""Menu non communiqué""","22296","""2026-01-28 08:17:20.0""","croustillant-transformation_29Jan2026_1769646185944"
"123","""Menu non communiqué""","22305","""2026-01-29 00:18:26.0""","croustillant-transformation_29Jan2026_1769646185944"
"123","""Menu non communiqué""","22262","""2026-01-27 15:43:32.0""","croustillant-transformation_29Jan2026_1769646185944"
"123","""Menu non communiqué""","22313","""2026-01-28 14:15:02.0""","croustillant-transformation_29Jan2026_1769646185944"
"133","""Salades composées""","1292","""2026-01-28 10:16:09.0""","croustillant-transformation_29Jan2026_1769646185944"
"133","""Salades composées""","1289","""2026-01-28 00:18:26.0""","croustillant-transformation_29Jan2026_1769646185944"
"133","""Salades composées""","1289","""2026-01-27 17:03:23.0""","croustillant-transformation_29Jan2026_1769646185944"
"133","""Salades composées""","1291","""2026-01-28 08:17:20.0""","croustillant-transformation_29Jan2026_1769646185944"
"133","""Salades composées""","1292","""2026-01-29 00:18:26.0""","croustillant-transformation_29Jan2026_1769646185944"
"133","""Salades composées""","1289","""2026-01-27 15:43:32.0""","croustillant-transformation_29Jan2026_1769646185944"
"133","""Salades composées""","1292","""2026-01-28 14:15:02.0""","croustillant-transformation_29Jan2026_1769646185944"
"135","Pâtisseries","2694","""2026-01-28 10:16:09.0""","croustillant-transformation_29Jan2026_1769646185944"
"135","Pâtisseries","2691","""2026-01-28 00:18:26.0""","croustillant-transformation_29Jan2026_1769646185944"
"135","Pâtisseries","2691","""2026-01-27 17:03:23.0""","croustillant-transformation_29Jan2026_1769646185944"
"135","Pâtisseries","2692","""2026-01-28 08:17:20.0""","croustillant-transformation_29Jan2026_1769646185944"
"135","Pâtisseries","2694","""2026-01-29 00:18:26.0""","croustillant-transformation_29Jan2026_1769646185944"
"135","Pâtisseries","2691","""2026-01-27 15:43:32.0""","croustillant-transformation_29Jan2026_1769646185944"
"135","Pâtisseries","2694","""2026-01-28 14:15:02.0""","croustillant-transformation_29Jan2026_1769646185944"
"136","Confiseries","1497","""2026-01-28 10:16:09.0""","croustillant-transformation_29Jan2026_1769646185944"
"136","Confiseries","1494","""2026-01-28 00:18:26.0""","croustillant-transformation_29Jan2026_1769646185944"
"136","Confiseries","1494","""2026-01-27 17:03:23.0""","croustillant-transformation_29Jan2026_1769646185944"
"136","Confiseries","1494","""2026-01-28 08:17:20.0""","croustillant-transformation_29Jan2026_1769646185944"
"136","Confiseries","1497","""2026-01-29 00:18:26.0""","croustillant-transformation_29Jan2026_1769646185944"
"136","Confiseries","1494","""2026-01-27 15:43:32.0""","croustillant-transformation_29Jan2026_1769646185944"
"136","Confiseries","1497","""2026-01-28 14:15:02.0""","croustillant-transformation_29Jan2026_1769646185944"
"137","""Boissons chaudes et froides""","716","""2026-01-28 10:16:09.0""","croustillant-transformation_29Jan2026_1769646185944"
"137","""Boissons chaudes et froides""","714","""2026-01-28 00:18:26.0""","croustillant-transformation_29Jan2026_1769646185944"
"137","""Boissons chaudes et froides""","714","""2026-01-27 17:03:23.0""","croustillant-transformation_29Jan2026_1769646185944"
"137","""Boissons chaudes et froides""","716","""2026-01-28 08:17:20.0""","croustillant-transformation_29Jan2026_1769646185944"
"137","""Boissons chaudes et froides""","716","""2026-01-29 00:18:26.0""","croustillant-transformation_29Jan2026_1769646185944"
"137","""Boissons chaudes et froides""","714","""2026-01-27 15:43:32.0""","croustillant-transformation_29Jan2026_1769646185944"
"137","""Boissons chaudes et froides""","716","""2026-01-28 14:15:02.0""","croustillant-transformation_29Jan2026_1769646185944"
